{"cameraMode":{"drawMode":0,"name":"Shaded","section":"Shading Mode"},"sceneLighting":false,"audioPlay":false,"sceneViewState":{"m_AlwaysRefresh":false,"showFog":true,"showSkybox":false,"showFlares":true,"showImageEffects":true,"showParticleSystems":true,"showVisualEffectGraphs":true,"m_FxEnabled":true},"in2DMode":false,"pivot":{"x":0.4023277759552002,"y":0.5553800463676453,"z":0.8672956228256226},"rotation":{"x":0.09114150702953339,"y":0.8148314356803894,"z":-0.10293293744325638,"w":0.5667921304702759},"size":1.524744987487793,"orthographic":false}