{"cameraMode":{"drawMode":0,"name":"Shaded","section":"Shading Mode"},"sceneLighting":false,"audioPlay":false,"sceneViewState":{"m_AlwaysRefresh":false,"showFog":true,"showSkybox":false,"showFlares":true,"showImageEffects":true,"showParticleSystems":true,"showVisualEffectGraphs":true,"m_FxEnabled":true},"in2DMode":false,"pivot":{"x":0.09677697718143463,"y":-0.3729301691055298,"z":1.825170636177063},"rotation":{"x":0.012008588761091233,"y":0.987158477306366,"z":0.023168157786130906,"w":0.17015333473682404},"size":0.9247450232505798,"orthographic":false}